Time [s],Current [A],Voltage [V]
0.0,2.5,4.139467681651251
60.0,2.5,4.07699171926401
120.0,2.5,4.0590366557095
180.0,2.5,4.050526792755845
240.0,2.5,4.046074402943843
300.0,2.5,4.043532526201039
360.0,2.5,4.0417056440044625
420.0,2.5,4.039851627523796
480.0,2.5,4.0375142134705655
540.0,2.5,4.0344371531784065
600.0,2.5,4.030510023960714
660.0,2.5,4.025727456231712
720.0,2.5,4.020153701602154
780.0,2.5,4.013895115852468
840.0,2.5,4.007080290413187
900.0,2.5,3.9998380032672185
960.0,2.5,3.9922943126142587
1020.0,2.5,3.984556577376535
1080.0,2.5,3.9767320147365477
1140.0,2.5,3.968897447106662
1200.0,2.5,3.9611216546001997
1260.0,2.5,3.953456666760789
1320.0,2.5,3.945937733831208
1380.0,2.5,3.9385918989779953
1440.0,2.5,3.931430263310964
1500.0,2.5,3.924458085696089
1560.0,2.5,3.9176699437290567
1620.0,2.5,3.9110525918391277
1680.0,2.5,3.904584588571338
1740.0,2.5,3.898234296692841
1800.0,2.5,3.89195821576846
1860.0,2.5,3.885698280493155
1920.0,2.5,3.8793766238326404
1980.0,2.5,3.8728909460798824
2040.0,2.5,3.8661121159761582
2100.0,2.5,3.858883869504215
2160.0,2.5,3.851044714115626
2220.0,2.5,3.8424692455301788
2280.0,2.5,3.8331316887272315
2340.0,2.5,3.823168263264998
2400.0,2.5,3.812878634075326
2460.0,2.5,3.802638469294465
2520.0,2.5,3.7927644369333393
2580.0,2.5,3.783417872875618
2640.0,2.5,3.77460089437287
2700.0,2.5,3.7662110662874797
2760.0,2.5,3.7581096877917948
2820.0,2.5,3.750167820352582
2880.0,2.5,3.7422896607014677
2940.0,2.5,3.734417509460665
3000.0,2.5,3.7265275321038986
3060.0,2.5,3.7186234948356978
3120.0,2.5,3.710729340202879
3180.0,2.5,3.7028819805490096
3240.0,2.5,3.6951247292541693
3300.0,2.5,3.687501627101426
3360.0,2.5,3.680052968348415
3420.0,2.5,3.6728116607409036
3480.0,2.5,3.665801546615659
3540.0,2.5,3.6590366340274976
3600.0,2.5,3.652521211939992
3660.0,2.5,3.646250778280498
3720.0,2.5,3.640213388087005
3780.0,2.5,3.634391152516096
3840.0,2.5,3.628761678332146
3900.0,2.5,3.6232993064645114
3960.0,2.5,3.617976072794634
4020.0,2.5,3.6127623665142243
4080.0,2.5,3.607627299053336
4140.0,2.5,3.6025388216205894
4200.0,2.5,3.5974636458200577
4260.0,2.5,3.592367034186234
4320.0,2.5,3.587212539983782
4380.0,2.5,3.581961791370365
4440.0,2.5,3.576574408414167
4500.0,2.5,3.571008306564142
4560.0,2.5,3.56522038484255
4620.0,2.5,3.5591678273327334
4680.0,2.5,3.552810255909358
4740.0,2.5,3.546112739933546
4800.0,2.5,3.5390496340413655
4860.0,2.5,3.5316089706196125
4920.0,2.5,3.523796848060744
4980.0,2.5,3.5156409736926153
5040.0,2.5,3.50719235713878
5100.0,2.5,3.498524239495753
5160.0,2.5,3.48972776850991
5220.0,2.5,3.4809046413000253
5280.0,2.5,3.4721577233508683
5340.0,2.5,3.4635812104108585
5400.0,2.5,3.4552519806590003
5460.0,2.5,3.447223338918084
5520.0,2.5,3.4395215534895627
5580.0,2.5,3.43214476804253
5640.0,2.5,3.425063161166558
5700.0,2.5,3.418218905754032
5760.0,2.5,3.4115244125158286
5820.0,2.5,3.404857344483572
5880.0,2.5,3.398051082857852
5940.0,2.5,3.3908797217240982
6000.0,2.5,3.383037784162276
6060.0,2.5,3.3741176759179012
6120.0,2.5,3.363593987820745
6180.0,2.5,3.3508343985541056
6240.0,2.5,3.335169642699535
6300.0,2.5,3.3160562392001207
6360.0,2.5,3.2933264704824525
6420.0,2.5,3.2674210720530836
6480.0,2.5,3.239402496972299
6540.0,2.5,3.210609001237648
6600.0,2.5,3.182080268785198
6660.0,2.5,3.154096366229939
6720.0,2.5,3.1260518657763403
6780.0,2.5,3.0965930242779853
6840.0,2.5,3.0638067141329657
6900.0,2.5,3.0253129443908495
6960.0,2.5,2.978221454689805
7020.0,2.5,2.9189678530791205
7080.0,2.5,2.8430482203354144
7140.0,2.5,2.744653193103033
7200.0,2.5,2.616179963021071
7243.042181486643,2.5,2.4999999999996163
