Frequency [Hz],Z_Re [Ohm],Z_Im [Ohm]
0.01,0.023159733818328414,-0.011149602013512156
0.012589254117941675,0.021779802765425686,-0.00981168354241474
0.015848931924611134,0.02061564304312692,-0.008541429908346254
0.0199526231496888,0.019651951507895865,-0.007356527725833008
0.025118864315095794,0.01887007466809801,-0.006267257667284719
0.03162277660168379,0.01825119692642486,-0.005280136461769685
0.039810717055349734,0.017775811093994762,-0.0044001395339777205
0.05011872336272725,0.01742259461930539,-0.003630382268823106
0.06309573444801933,0.01716871384966111,-0.0029705754972996086
0.07943282347242814,0.016991594151403427,-0.0024160722848196527
0.1,0.016870995076510718,-0.001958305648620395
0.12589254117941676,0.01679035448164671,-0.0015862451053830883
0.15848931924611143,0.016737108656663974,-0.0012880793882826592
0.19952623149688797,0.016702254231645133,-0.0010525518418332946
0.25118864315095807,0.01667957371777662,-0.0008697585365804974
0.31622776601683794,0.016664847849804886,-0.0007314856980358912
0.3981071705534973,0.016655209822440842,-0.0006312595633096859
0.5011872336272725,0.016648668658869794,-0.0005642640719563004
0.6309573444801934,0.016643768438880394,-0.0005272255771151892
0.7943282347242817,0.016639335900357547,-0.0005183158122129156
1.0,0.016634271699078534,-0.0005370963984907124
1.2589254117941675,0.016627343039790698,-0.0005845130983603271
1.584893192461114,0.016616932788515594,-0.0006629359141140645
1.9952623149688808,0.01660069372782837,-0.0007762250879099255
2.5118864315095824,0.016575049268823815,-0.0009297784500643507
3.1622776601683795,0.01653447692188006,-0.001130477689078371
3.981071705534973,0.016470513302975658,-0.001386390535251556
5.011872336272725,0.016370447856600582,-0.0017059823470327619
6.309573444801936,0.0162157901284443,-0.002096422451842042
7.943282347242821,0.015980944216416573,-0.0025603809400482017
10.0,0.015633276260083394,-0.003090752371770228
12.589254117941675,0.015136850518419877,-0.0036636234251669047
15.848931924611142,0.01446258718209747,-0.004232316577009717
19.952623149688808,0.013605002074537612,-0.004729087374687253
25.11886431509582,0.012597965299461143,-0.005081643013600309
31.622776601683793,0.011514321880568269,-0.005241978198811441
39.810717055349734,0.01044110040438452,-0.0052085781798981955
50.11872336272725,0.009445204915556006,-0.005021865288713666
63.095734448019364,0.008556396292648025,-0.004736816551998885
79.43282347242821,0.007776305107974747,-0.004397596615491741
100.0,0.007097645625124685,-0.0040314867875591315
125.89254117941688,0.00651458289500704,-0.00365734468950822
158.48931924611142,0.006020534680947222,-0.0032931462116865193
199.52623149688787,0.005603223065371084,-0.0029547128377871113
251.18864315095823,0.005245709697878883,-0.002650338067812905
316.22776601683796,0.0049325559246802845,-0.002379249793356571
398.1071705534977,0.004654691621163695,-0.0021359944481281804
501.18723362727246,0.004408716177120015,-0.001916465897931781
630.9573444801943,0.004192266180133257,-0.0017201893744419254
794.3282347242822,0.004000585395054177,-0.0015478786362978067
1000.0,0.003827201367384922,-0.001397961241208138
